asin,product_name,price,sponsored,review_count,ratings
B005JRGJ4A,"Gerber Good Start GentlePro, Prebiotics, Non-GMO Ready to Feed Infant Formula Stage 1, 8.45 Ounces (Pack of 24)",$52.74,Yes,498,4.7 out of 5 stars
B083WJ7QZ4,"Baby Formula Dispenser, Portable Milk Powder Dispenser Snack Storage Container for Travel Bedroom Outdoor … (Green)",$12.99,Yes,276,4.5 out of 5 stars
B086D7J95D,Haakaa Ladybug Milk Collector Reusable Breast Shells Soft Comfortable to Wear en Silicone BPA Free (2.5oz/75ML 2 Counts),$32.99,Yes,371,
B07L5VTVMH,Babysoy Infant Baby Zipper Footie Coveralls (Newborn Sleeper Pajamas),$24.00,Yes,10,4.6 out of 5 stars
B07MZD5GVZ,"LaVie Warming Lactation Massager Pads, Breastfeeding Support for Clogged Ducts, Mastitis, Improve Milk Flow, Engorgement, Medical Grade",$79.95,Yes,355,4.6 out of 5 stars
B08GQQT9HT,"Breast Milk Storage Bags, 8.5 OZ Breast Milk Freezer Storage Container Bag for Breastfeeding, Leak Proof Double Zipper Seal, Pre-Sterilized, Self Standing, Easy to Refrigerate and Freeze (120 Count)",$12.99,Yes,12,
B08D3PRBJH,IKARE Double Breast Pumps Electric - Rechargeable Milk Pump with 5 Modes & 41 Levels - Quiet Portable Breastfeeding Pump for Travel & Home,$43.90,Yes,15,4.4 out of 5 stars
B078SVM2ZB,"Hegen Newborn Baby Bottle Basic Starter Kit- PPSU Bottle for Babies, Medium & Slow Teat- Breast Milk Storage Lids and Secure Seals",$45.00,Yes,125,
B009QXDE3C,"Comotomo Baby Bottle, Pink, 8 Ounce (2 Count)",$21.99,Yes,"20,779",4.7 out of 5 stars
B081C3LM9D,Hegen PCTO Breast Milk Storage Lid in White (1 pc),$5.50,Yes,53,
B07N8RZRR7,"Gerber Good Start GentlePro (HMO) Non-GMO Powder Infant Formula, Stage 1, 32 Ounce",$36.48,Yes,961,
B08JZ28CGW,"Manual Breast Pump Breastfeeding Pump with White lid, 150 Milk Storage Bag,Silk Carrying Bag, 1 Pack,3oz/90ml",$8.99,Yes,1,
B075ZXXM84,"Similac Pro-Advance Non-GMO Infant Formula with Iron, with 2’-FL HMO, for Immune Support, Baby Formula, Powder, (One-Month Supply), 2.25 Pound (Pack of 3)",,No,"4,101",
B077M4Q27K,"Enfamil NeuroPro Baby Formula Milk Powder 20.7 oz Reusable Tub, Dual Prebiotics for Immune Support, Infant Formula Inspired by Breast Milk, Brain-building DHA & MFGM, Iron, Non-GMO",,No,"3,087",
B07LCZ7FK4,"Nutramigen Hypoallergenic Baby Formula From Enfamil Lactose & Milk Free Powder, 27.8 Ounce - Omega 3 DHA, Probiotics to Support Digestive Health & Immune System, Iron, Colic Relief",,No,"1,150",
B006609HYI,"Enfamil NeuroPro Ready to Feed Baby Formula Milk, 8 fl. oz. Pack of 4 (24 bottles) Dual Prebiotics for Immune Support, Infant Formula Inspired by Breast Milk, Brain-building DHA & MFGM, Iron, Non-GMO",,No,"1,104",
B077MF79H1,"Enfamil NeuroPro Baby Formula Milk Powder Refill, 31.4 ounce (Pack of 4) - MFGM, Omega 3 DHA, Probiotics, Iron & Immune Support",,No,"1,014",
B079VPP9MW,"Enfamil Gentlease Easy- to-Digest Baby Formula 27.7 oz Can For Easing Gas, Fussiness & Crying in 24 Hours, Gentle Milk Powder, DHA and Choline for Brain Support",,No,"3,149",
B077MH1HGK,"Enfamil NeuroPro Ready to Feed Baby Formula Milk, 2 fl. oz. ( 24 bottles) - Dual Prebiotics for Immune Support, Infant Formula Inspired by Breast Milk, Brain-building DHA & MFGM, Iron, Non-GMO",,No,"2,513",
B06W52WHMQ,"Happy Family Baby Organic Infant Formula Milk Based Powder with Iron, Multi Stage, 21 Ounce",$27.99,No,"1,061",4.6 out of 5 stars
B077M9KNM3,"Enfamil NeuroPro Gentlease Baby Formula Milk Powder For Easing Gas & Crying, Vitamins & Minerals, 30.4 Ounce, (Pack of 4)",,No,605,
B07C9K1DGS,"Similac Pro-Total Comfort Non-GMO with 2'-FL HMO Infant Formula with Iron, Easy-to-Digest, Gentle Formula, For Immune Support, Baby Formula 36 oz, 3 Count",,No,"1,177",4.7 out of 5 stars
B01ASIEJPA,"Enfamil Enspire Baby Formula with Lactoferrin (found in Colostrum & Breast Milk) Milk Based Powder, 20.5 Ounce Reusable Tub, Dual Prebiotics, Brain Building & Immune Support, DHA, Iron, Non-GMO, MFGM",,No,"1,085",4.7 out of 5 stars
B07BLLXS64,"Enfamil NeuroPro Ready to Feed Baby Formula Milk, 32 fl. oz. - Dual Prebiotics for Immune Support, Infant Formula Inspired by Breast Milk, Brain-building DHA & MFGM, Iron, Non-GMO",,No,647,
B07964CLR5,"Enfamil NeuroPro Baby Formula Milk Powder 20.7 oz (Pack of 6) Reusable Tub, Dual Prebiotics for Immune Support, Infant Formula Inspired by Breast Milk, Brain Building DHA & MFGM, Iron, Non-GMO",,No,964,
B00E9P0XF4,"Enfagrow PREMIUM Toddler Transitions Baby Formula Milk Powder, 20 Ounce (Pack of 4), Omega 3 DHA, Iron",,No,514,4.6 out of 5 stars
B07BRGCRPB,"Enfamil NeuroPro Baby Formula Milk Powder, 14 Single Serve Packets (17.6 Gram Each) - MFGM, Omega 3 DHA, Dual Prebiotics, Iron & Immune Support",,No,828,
B01KZ36DAC,"Enfagrow Premium Toddler Nutritional Drink 32 oz. Powder (6 Cans) Prebiotics for Immune Support, DHA for Brain Development, Iron, Non-GMO, Natural Milk Flavor (Former Toddler Next Step) from Enfamil",,No,794,4.5 out of 5 stars
B001BM4JLC,"Earth's Best Organic Dairy Infant Powder Formula with Iron, Omega-3 DHA and Omega-6 ARA, 23.2 oz",,No,"1,538",4.7 out of 5 stars
B072QYVK8M,"Enfamil Gentle Baby Formula Milk Powder, 21.1 ounce (Pack of 4) - Omega 3 DHA, Iron, Immune & Brain Support",,No,341,4.7 out of 5 stars
B07P97ZHYP,"Enfamil Enspire Gentlease Infant Formula with MFGM & Lactoferrin, a Protein found in Colostrum - Powder Tub, 20 oz (Pack of 4)",,No,382,
B07RLHQTSP,"Amazon Brand - Mama Bear Milk-Based Powder Infant Formula with Iron, Non-GMO 12.5, Ounce",$12.99,No,62,4.3 out of 5 stars
B01AHZ5JOY,"Earth's Best Organic Dairy Infant Powder Formula with Iron, Omega-3 DHA and Omega-6 ARA, 35 Ounce",,No,"1,363",
B005JRGJ4A,"Gerber Good Start GentlePro, Prebiotics, Non-GMO Ready to Feed Infant Formula Stage 1, 8.45 Ounces (Pack of 24)",$52.74,No,498,4.7 out of 5 stars
B07N8RMDHT,"Gerber Good Start Plant Based Protein & Lactose Free Non-GMO Powder Infant Formula, Stage 1, 20 Ounces",$22.34,No,599,
B00LJ64JR4,"Philips Avent, Baby Bottle Warmer",$39.99,No,"9,705",4.5 out of 5 stars
B002IYDXW8,"Enfagrow Gentlease Toddler Transitions Gentle Baby Formula Milk Powder, 20 oz Can - For Easing Gas & Crying, Easy-to_Digest Proteins, Omega 3 DHA, Iron, Vitamins & MInerals",,No,702,
B06WLH9LQF,"Happy Family Baby Organic Infant Formula Milk Based Powder with Iron, Multi Stage, 21 Ounce",,No,607,4.7 out of 5 stars
B009QXDE4G,"Comotomo Baby Bottle, Pink, 5 Ounce (2 Count)",$20.99,No,"20,779",4.7 out of 5 stars
B0711YMPBB,"USDA Organic Gelmix Infant Thickener for Breast Milk and Formula, 4.4oz Jar",$24.95,No,837,4.4 out of 5 stars
B07RH9Z9BL,"Amazon Brand - Mama Bear Sensitivity Milk-Based Powder Infant Formula with Iron, 22.5 Ounces",,No,265,4.5 out of 5 stars
B0835VGJX7,"Gerber Good Start Infant Formula A2 Milk (HMO) Non-GMO Powder Toddler Drink, Stage 3, 20 Ounce",$19.98,No,107,4.5 out of 5 stars
B079646ZPM,"Enfamil Neuropro Gentease Easy-to-Digest Baby Formula Powder 19.5 oz. (Pack of 6) Reusable Tub, For Easing Gas & Crying Vitamins & Minerals for Immune Support, Inspired by Breast Milk DHA MFGM Iron",,No,"1,255",
B07N1BVM9R,"Nutramigen Hypoallergenic Baby Formula From Enfamil Lactose & Milk Free Powder, 27.8 oz - Omega 3 DHA, Probiotics to Support Digestive Health & Immune System, Iron, Colic Relief (Pack of 4)",,No,712,
B07VPT6X25,"Similac NeoSure Infant Formula with Iron, For Babies Born Prematurely, Powder, 22.8 oz (4 Count)",,No,661,
B079VXGD2Z,"Enfamil NeuroPro Ready to Feed Baby Formula Milk Nursette, 2 fluid ounce (6 count) - Dual Prebiotic, Immune Support, MFGM, Omega 3 DHA",,No,554,4.7 out of 5 stars
B00C5HPHZO,"Enfamil Neuropro Gentlease Ready To Feed Infant Formula 6 pack of 8 fl. oz. (24 bottles) Ease Gas & Crying, Vitamins & Minerals for Immune Support, Baby Formula Inspired by Breast Milk DHA MFGM Iron",,No,904,
B07N8RTWZR,"Gerber Good Start GentlePro (HMO) Non-GMO Powder Infant Formula, Stage 1, 20 Ounces",$22.33,No,654,4.7 out of 5 stars
B07J4PVLW1,"Similac Pro-Sensitive Infant Formula with 2'-FL Human Milk Oligosaccharide (HMO) for Immune Support, Ready to Feed, 32 Fl Oz (Pack of 6) 192 Fl Oz",,No,"1,193",
B004L5L5TA,"Enfamil ProSobee Soy Sensitive Tummy Baby Formula Dairy-Free Lactose-Free Milk-Free Soy Based Formula Plant Protein Powder 22 oz. Can, Omega 3 DHA for Brain Support",,No,492,4.6 out of 5 stars
B07BLNJYRM,"Enfamil NeuroPro Gentlease Baby Formula Gentle Milk Powder 14 Packets per Box, For Easing Gas & Crying, Vitamins & Minerals for Immune Support, Infant Formula, DHA, MFGM, Iron, Non-GMO",,No,830,
B0007XXPGG,"Enfamil Nutramigen Hypoallergenic Ready to Feed Colic Baby Formula Lactose Free Milk, 32 fluid ounce - Omega 3 DHA, Probiotics, Iron, Immune Support",,No,154,4.4 out of 5 stars
B01AHZ5J4O,"Earth's Best Organic Low Lactose Sensitivity Infant Formula with Iron, Milk-Based Powder, 35oz.",$38.98,No,772,4.7 out of 5 stars
B07HG52FYX,"Enfamil NeuroPro EnfaCare Premature Baby Formula Milk Based w/ Iron 12.8 Oz, Powder Can (Pack of 6)",,No,253,4.7 out of 5 stars
B07CJZR74J,"Happy Family Baby Organic Stage 1 Infant Formula Sensitive, Dual Prebiotics, Milk Based Powder, 21 Ounce",$29.99,No,483,4.6 out of 5 stars
B006XISCNA,"Lansinoh Breastmilk Storage Bags, 100 count",$13.88,No,"33,783",
B0055QVU6M,"Nutramigen Hypoallergenic Baby Formula from Enfamil- Lactose Free Milk Powder, 19.8 ounce - Omega 3 DHA, Probiotics for Digestive Health & Immune System, Iron",,No,"1,030",4.6 out of 5 stars
B0007XXPUM,"Enfamil Pregestimil Hypoallergenic Infant Formula with MCT Oil, Iron Fortified, Powder , 1 lb (454 g) 16 oz",,No,45,4.5 out of 5 stars
B00CTKKBAS,Enfamil ProSobee Soy Sensitive Tummy Baby Formula Dairy-Free Lactose-Free Milk-Free Soy Based Formula Plant Protein Powder 22 oz. Can (Pack of 4 Cans) Omega 3 DHA for Brain Support,,No,442,
B07P83SR6D,"Enfamil Enspire Gentlease Infant Formula with MFGM & Lactoferrin, a Protein found in Colostrum - Powder Tub, 20 oz",,No,530,4.6 out of 5 stars
B08LS8XGL5,"Deeyeo Disposable Nursing Pads, 150 Count Breast Pads, Superior Absorbency, Ultra Soft Leak Protection for Breastfeeding, Non-Toxic Milk Pads, Nursing Essentials (150 Count)",$17.99,Yes,"
    Save 5%
",
B07N4Q7R65,"Gerber Good Start Gentle (HMO) Non-GMO Powder Infant Formula, Stage 2, 24.5 Ounces (Pack of 4)",$105.56,Yes,206,
B08KD2VGHR,"DSDAI Burp Cloths - Baby Burp Cloth Sets for Unisex 6 Pack Large 20x12 Inches Microfiber Coral Fleece Extra Absorbent and Soft Milk Spit Up Rags Bibs,Newborn Burping Cloths for Boys and Girls",$16.98,Yes,2,
B0774WZW8M,AW Fashions Me + Mommy = One Broke Daddy Cute Novelty Funny Infant One-Piece Baby Bodysuit,$11.88,Yes,182,4.6 out of 5 stars
B08FHSVXZ7,"Breastmilk Storage Bags, 60 Count 200ml, Pre Sterilized BPA Free Easy to Use Breast Milk Bags for Breastfeeding Leak Proof Self Standing Fresh Bag for Refrigerating and Freezing",$12.99,Yes,2,4.5 out of 5 stars
B07N4LL847,"Gerber Good Start Gentle (HMO) Non-GMO Powder Infant Formula, Stage 1, 20 Ounce (Pack of 6)",$133.98,Yes,353,
B08CB44JZ1,"[Bellboystudio] Chef Kyle Milk Body Lotion - Baby Body Hydrating-Strawberry Scent-Moisturizing Lotion-No paraben-No Artificial dye-Essentials for Newborn, Baby, Kids-10.1 Fl Oz.",$21.95,Yes,2,4.5 out of 5 stars
B07HYCH59L,Sarah Wells Cold Gold Breastmilk Cooler Bag with Ice Pack (Deco),$29.99,Yes,527,4.5 out of 5 stars
B089GKL65S,Milky Bottle Milk Powder Formula Dispenser Container with Scraper Airtight 600g 1700ml,$21.99,Yes,160,
B08BFMMKZ5,"8 Pack Large Burp Cloths for Baby - 20"" by 10"" Ultra Absorbent Burping Cloth, Hand Washcloths, Newborn Towel - Milk Spit Up Rags - Burpy Bib for Unisex, Boy, Girl - Burp Cloths Set(White)",$7.98,Yes,295,4.7 out of 5 stars
B009QXDE32,"Comotomo Baby Bottle, Green, 8 Ounce (2 Count)",$21.99,Yes,"20,779",4.7 out of 5 stars
B089148JQ2,"MT Products Pink 4.5 inches Tall (Including The Cover) Baby Bottles for Baby Shower | Milk Bottles for Parties, Adorable Baby Party Favors for Games or Decorations (36 Pieces)",$16.69,Yes,40,
B000AS1LH8,"PediaSure Grow & Gain With Fiber, Kids’ Nutritional Shake, With Protein, DHA, And Vitamins & Minerals, Vanilla, 8 fl oz, Pack of 24",,No,"2,597",
B01LZH12T7,"Similac Alimentum Hypoallergenic For Food Allergies and Colic Infant Formula Powder, 19.8 oz (Pack of 4)",,No,"1,205",
B00GJ7ZXDM,"Nutramigen Hypoallergenic Baby Formula from Enfamil- Lactose Free Milk Powder, 12.6 ounce (Pack of 6) - Omega 3 DHA, Probiotics for Digestive Health & Immune System, Iron",,No,124,
B004LKWH7Y,"Enfamil Neuropro Gentlease Ready To Feed Infant Formula 2 fl. oz. Nursette Bottles (6pack) Ease Gas & Crying, Vitamins & Minerals for Immune Support, Infant Formula Inspired by Breast Milk DHA Iron",,No,404,4.4 out of 5 stars
B079QG3LXC,Nestle Nido Kinder 1+ Toddler Formula (4.85 lbs.),,No,92,4.4 out of 5 stars
B00ONNVY0K,"Enfamil Reguline Constipation Baby Formula Milk to Promote Soft Stools, Omega 3, Probiotics, Iron, Immune Support, 19.5 s (Packaging May Vary) Powder, 20.4 Ounce (Pack of 4)",,No,416,
B07GZLKJ35,"OMORC Baby Bottle Sterili-zer and Dryer 550W, Baby Milk Warmer, Electric Steam Sterili-zer with LCD Display, Auto Power-Off, 5-in-1 Multifunctional for Sterili-zing, Drying, Warming Milk, Heating",$71.99,No,841,4.6 out of 5 stars
B07DDZ3Q4K,"Love & Care Advantage Non-GMO* Infant Formula Milk-Based Powder with Iron, 23.2 Ounce",$18.99,No,390,4.6 out of 5 stars
B00JGPG60I,"Enfamil Reguline Constipation Baby Formula Milk Powder to Promote Soft Stools, Omega 3, Prebiotics, Iron, Immune Support, 19.5 Ounces (Packaging May Vary)",,No,665,4.7 out of 5 stars
B07N4LL847,"Gerber Good Start Gentle (HMO) Non-GMO Powder Infant Formula, Stage 1, 20 Ounce (Pack of 6)",$133.98,No,353,
B07RD73SZW,"Amazon Brand - Mama Bear Advantage Infant Formula Milk-Based Powder with Iron, Non-GMO, 12.4 Ounce",,No,71,4.7 out of 5 stars
B07DDW4RR6,"Love & Care Gentle Infant Formula Milk-Based Powder with Iron, 21.5 Ounce",$18.99,No,244,4.6 out of 5 stars
B07B218Q5V,"Earth's Best Organic Gentle Infant Powder Formula with Iron, Easy To Digest Proteins, 23.2 oz",,No,"1,007",4.7 out of 5 stars
B079VP4D9N,"Enfamil NeuroPro Gentlease Baby Formula Milk Powder 30.4 oz. Refill For Easing Gas & Crying, Vitamins & Minerals for Immune Support, Infant Formula Inspired by Breast Milk DHA MFGM Non-GMO",,No,"1,138",
B017RMG8UE,"Similac Sensitive Infant Formula with Iron, Powder, One Month Supply, 34.9 Ounces (Pack of 3)",,No,872,4.7 out of 5 stars
B005ZA7L9I,"Enfamil NeuroPro Ready to Feed Baby Formula Milk, Dual Prebiotics, Immune Support, Inspired by Breast Milk, DHA, Non-GMO, MFGM, Iron Yellow, 8 Fl Oz (Pack of 6) 48 Fl Oz",,No,429,4.7 out of 5 stars
B077MH14X3,"Enfamil NeuroPro Infant Formula Milk Powder 14 packets/box (56 packets) Dual Prebiotics for Immune Support, Infant Formula Inspired by Breast Milk, Brain-building DHA & MFGM, Iron, Non-GMO",,No,138,
B00CE8MWO8,"Nutramigen Hypoallergenic Baby Formula from Enfamil- Lactose Free Milk Powder, 19.8 ounce (Pack of 4) - Omega 3 DHA, Probiotics for Digestive Health & Immune System, Iron",,No,467,4.7 out of 5 stars
B000BIXP8A,"Enfamil Pregestimil Hypoallergenic Baby Formula Lactose Free Milk Powder, 16 ounce (Pack of 6) - Omega 3 DHA, MCT, Iron",,No,35,4.7 out of 5 stars
B07HMZDKR5,"USB Baby Bottle Warmer Milk Warmer Infant Feeding Bottle Heated Portable Travel Cover Insulation Thermostat Food Heater Used in Home Outside, in Car (A)",$13.99,No,44,
B07RD73MVF,"Amazon Brand - Mama Bear Gentle Infant Formula Milk-Based Powder with Iron, Non-GMO, 21.5 Ounce",$21.99,No,282,4.5 out of 5 stars
B0847T8PLR,"Amazon Brand - Mama Bear Complete Comfort Infant Formula Milk-Based Powder with Iron, 22.5 Ounce",$23.22,No,40,4.4 out of 5 stars
B003VKR0J0,"Enfamil A.R. Infant Formula - Clinically Proven to Reduce Spit-Up in 1 week - Reusable Powder Tub, 19.5 oz Omega 3 DHA & Iron, Thickened with Rice Starch(Package May Vary)",,No,966,
B084DKT61F,"Gerber Nestle Nan Pro Toddler Drink Powder, 169.2 Ounce",$78.98,No,46,4.4 out of 5 stars
B07P981W3F,"Enfamil Enspire Gentlease Baby Formula w/ Lactoferrin (found in Colostrum & Breast Milk) Milk Powder 29 oz. Refill Box, For Easing Fussiness Gas & Crying, Brain Building & Immune Support",,No,272,
B00005BXKM,The First Years 2-in-1 Simple Serve Bottle Warmer | Quickly Warm Bottles of Breastmilk or Formula | Sanitize Pacifiers | Compact Design | Holds Wide Narrow and Angled Bottles,$15.48,No,"12,040",4.4 out of 5 stars
B077MCF1Y6,"Enfamil NeuroPro Gentlease Baby Formula Gentle Milk Powder 14 Packets per Box, Pack of 4, For Easing Gas & Crying, Vitamins & Minerals for Immune Support, Infant Formula, DHA, MFGM, Iron, Non-GMO",,No,190,
B016N1AMOS,"Enfagrow Premium Toddler Nutritional Drink 24 oz. Powder (4 Cans) Dual Prebiotics for Immune Support, DHA for Brain Development, Iron, Non-GMO, Vanilla Flavor (Former Toddler Next Step) from Enfamil",,No,440,4.7 out of 5 stars
B0835R37LJ,"NUK Learner Cup, 10 Oz, Hearts",$6.99,No,"18,499",4.7 out of 5 stars
B07P982P9M,"Enfamil Enfamil Neuropro Sensitive Baby Formula, Powder Can, 19.5 Ounce, Pack of 4, Easy-to-digest Protiens, Immune Support, Omega 3 DHA, MFGM",,No,337,
B07N8RZRR7,"Gerber Good Start GentlePro (HMO) Non-GMO Powder Infant Formula, Stage 1, 32 Ounce",$36.48,No,961,
B00AQJPYN8,"PurAmino Hypoallergenic Baby Formula Powder for Severe Food Allergies, 14.1 Oz - Omega 3 Dha, Probiotics, Iron, Immune Support",,No,338,4.6 out of 5 stars
B00JVU7T0O,Enfamil ProSobee baby formula is a dairy and lactose free soy plant protein alternative to milk based formula,$71.92,No,110,4.5 out of 5 stars
B00L99TS2M,Enfamil Neuropro Gentlease Ready To Feed Infant Formula 2 fl.oz. Nursette Bottle (24 total) Ease Gas & Crying Vitamins & Minerals for Immune Support Baby Formula Inspired by Breast Milk DHA MFGM Iron,,No,"1,243",4.7 out of 5 stars
B00C43H6BC,"Enfamil Nutramigen Hypoallergenic Baby Formula - Lactose Free Milk Powder, 12.6 Ounce - Omega 3 DHA, Probiotics for Digestive Health & Immune System, Iron",,No,275,4.4 out of 5 stars
B013BM4R34,"Similac Organic Infant Formula with Iron, Powder, 1.45 lb (Pack of 6)",,No,189,4.4 out of 5 stars
B07N4Q7R65,"Gerber Good Start Gentle (HMO) Non-GMO Powder Infant Formula, Stage 2, 24.5 Ounces (Pack of 4)",$105.56,No,206,
B07HG52TK5,Enfamil NeuroPro EnfaCare Ready to Use Premature Baby Formula 2 fl. oz. Nursette Bottle (48 bottles) Immune Support Brain Development 22 Calories/fl. oz. Supports Catch-up Growth DHA Vitamins Minerals,,No,219,
B003YUJHA2,"EleCare Hypoallergenic Formula, Complete Nutrition For Severe Food Allergies, Amino Acid-based Infant Formula, 14.1 oz, 1 Count",,No,435,4.7 out of 5 stars
B07RLKGPNJ,"Amazon Brand - Mama Bear USDA-Certified Organic Milk-Based Powder Infant Formula with Iron, 23.2 Ounce",,No,95,
B07JPK5DWQ,Lansinoh Breastmilk Collector for Breastfeeding,$12.73,No,"2,187",4.4 out of 5 stars
B07WHZQCM1,Dr. Brown's Silicone Breast Pump Breast Milk Catcher with Options+ Anti-Colic Baby Bottle & Travel Bag,$14.99,No,542,4.5 out of 5 stars
B07N8SH932,"Gerber Good Start Soothe Non-GMO Powder Infant Formula, Stage 1, With Iron, 2’-FL HMO and Probiotics for Colic, Digestive Health and Immune System Support, 30.6 Ounce",,No,"1,179",
B0144VRG7K,"Alfamino Infant Amino Acid Based Infant Formula with Iron, Unflavored, 14.1 Ounces",,No,79,4.3 out of 5 stars
B010SCPN5G,"Enfamil Nutramigen Infant Formula - Hypoallergenic & Lactose Free Formula - Ready to Use Liquid, 32 fl oz (6 count) (Packaging May Vary)",,No,213,4.7 out of 5 stars
B07P9R7X2Z,Easy-to-Digest Baby Formula Meant Especially for Babies with Sensitive tummies and Lactose Sensitivity,,No,370,
B0007XXPO8,"Enfamil ProSobee Soy Sensitive Tummy Baby Formula Dairy-Free Lactose-Free Milk-Free Plant Protein Powder 12.9 oz. Omega 3 DHA & Iron, Immune & Brain Support",,No,161,4.6 out of 5 stars
B01D1H4Q0S,"Gerber Good Start Soy Infant and Toddler Formula , 24 Ounces",$17.48,No,467,4.6 out of 5 stars
B01M188L3L,Silicone Baby Food Freezer Storage Tray - Clip-On Silicone Lid - 9 Cups x 2.5 Oz - Oven & Dishwasher Safe - with Baby Weaning E-Books (GRN),$12.97,Yes,"1,208",4.7 out of 5 stars
B07RLRJ4ZF,Limited Edition - Newest Member of The Pack Mom's Hot Dad's Lucky - Cute One-Piece Infant Baby Bodysuit,$11.88,Yes,1,
B07LB6FM39,"3-Layer Knit Security Blanket Set Sized 16"" x 16"" 2-Pack""Chip"" by Copper Pearl",$19.95,Yes,205,
B072BF5NNY,"12 Volt Car Vehicle Lighter Adapter for Spectra S1, S2 Breast Pump - Replacement Power Adapter for Spectra S1,S2 Pumps Made After Feb 2015",$9.20,Yes,"2,907",
B08FQYZXMM,Bebecom 2 Box of 25 Count Breastmilk Storage Bags with Thermal Sensor. 3.4 Oz 100 ml zip lock Breastfeeding Breast Milk Storage comes Pre Sterilized & BPA Free with Accurate Measurements & Leak Proof.,$11.99,Yes,,
B08C9X742B,"[Bellboystudio] Chef Kyle Milk Soothing Gel - Baby Body Hydrating and Moisturizing Soothing Gel-Excellent After Exposure to Strong Sunlight, Cold Wind!-No paraben-No Artificial dye-10.1 Fl Oz.",$19.95,Yes,"
    Save 10%
",
B08FR7G38N,Bebecom 2 Pack of 25 Count Breastmilk Storage Bags with Thermal Sensor. 7 Oz 210 ml Zip Lock Breastfeeding Breast Milk Storage Comes Pre Sterilized & BPA Free with Accurate Measurements & Leak Proof.,$14.99,Yes,,
B08CPL3H75,"Nuluv Goat Milk Body Butter, Made in USA - Supports Healthy Skin (Angel Baby)",$16.00,Yes,($16.00/Count),
B01ISRT8XQ,Hegen Breast Milk Storage (4-Pack)- 150ml/5oz PPSU-Connecting Lids for Express Storage,$36.00,Yes,53,
B00X6ICW2C,CJ's BUTTer Spritz - Oatmeal Milk & Honey,$15.95,Yes,58,4.7 out of 5 stars
B08LPCX1N1,USB Milk Heating Keeper Milk Bottle Warmer Bag Baby Bottle Warmer Milk Bottle Heater Portable Water Warm Keeper Multifunction Coffee Tea Mug Beverage Warming Bag (Blue),$12.99,Yes,3,
B07Y3Y3SST,Hugs Milk and Kisses - Perfect Cute Infant One-Piece Baby Bodysuit,$10.95,Yes,,
B01D1H4Q0S,"Gerber Good Start Soy Infant and Toddler Formula , 24 Ounces",$17.48,No,467,4.6 out of 5 stars
B004E5KHU0,NESTLE NIDO Kinder 1+ Powdered Milk Beverage 1.76 lb. Canister,,No,109,4.5 out of 5 stars
B017MHI20I,The New York Doll Collection Magic Juice & Milk Bottle Set for Baby Dolls,$9.99,No,"2,670",4.6 out of 5 stars
B07RW8JYH8,Nestle Nido Kinder 1+ Powdered Milk Beverage 3.52 lb. Canister (Pack of 3),,No,36,4.7 out of 5 stars
B000RFCXIK,"Munchkin Formula Dispenser Combo Pack, Colors May Vary",$3.99,No,"7,933",4.7 out of 5 stars
B000BIVY56,"Nutramigen Hypoallergenic Infant Formula From Enfamil - Lactose & Milk Free Formula - Concentrated Liquid Can, 13 oz. (12 count) Cow's Milk Allergy Management, Omega 3 DHA, Iron, (Package May Vary)",,No,92,
B00ATATCU0,"Enfamil Ready to Feed Premature Baby Formula Milk, 2 Fluid Ounce (48 count), High Protein 24 Calorie",,No,43,4.6 out of 5 stars
B07FS258CT,"Enfagrow Premium Toddler Next Step Milk Drink Powder, Natural Milk Flavor 36.6 oz. (pack of 4) A1",,No,57,4.4 out of 5 stars
B001V9N830,ELECARE POWDER 54665 6/Case 14.1 OZ,,No,116,
B00V3CS87Q,"Gerber Extensive HA Hypoallergenic Powder Infant Formula with Iron, 14.1 Ounces (1 Pack)",$26.47,No,257,
B07BQ3655Q,"Earth's Best Organic Toddler Milk Drink Powder, Natural Vanilla, 23.2 Oz",,No,577,4.6 out of 5 stars
B0845TSNQJ,"Enfamil NeuroPro EnfaCare Premature Baby Formula Milk Powder Cans 12.8 oz. (Pack of 6 Cans) and EnfaCare Ready to Feed Premature Baby Formula Milk Nursette, 2 fl. oz. Bottles (48 Bottles)",,No,6,
B000E1BL9Y,"Gerber Good Start GentlePro, Prebiotics, Non-GMO Ready to Feed Infant Formula Ready to Feed Nursers Stage 1, 3 Ounces (Pack of 48)",$71.94,No,227,4.6 out of 5 stars
B000ARPKBM,"PediaSure Grow & Gain Kids’ Nutritional Shake, with Protein, DHA, and Vitamins & Minerals, Chocolate, 8 fl oz, 24-Count",,No,"7,920",
B00BONBEVQ,"Nestle Cerelac, Mixed Fruits and Wheat with Milk, 14.1 Ounce Can",,No,41,4.4 out of 5 stars
B0007XXPDY,"Enfamil Poly-Vi-Sol Liquid Multivitamin Supplement for Infants and Toddlers, 50 mL dropper bottle (Packaging May Vary)",,No,998,4.6 out of 5 stars
B089YCFKXX,"Similac Similac Pro-Advance Non-GMO with 2-FL HMO Infant Formula with Iron Powder, 34 Ounce ., 34 Ounce",,No,325,
B00CTZMZ7U,"Baby's Only Organic Dairy Toddler Formula - Non GMO, USDA Organic, Clean Label Project Verified, 12.7 Ounce (Pack of 1)",$12.01,No,582,4.5 out of 5 stars
B07S6CFYNX,"Enfamil NeuroPro Baby Formula Milk Powder, 20.7 oz reusable tub (Pack of 6) & Ready to Use Liquid, 8 fl oz (24 Bottles) Dual Prebiotic, DHA for Brain Support",,No,2,
B010SCPNX8,"Enfamil NeuroPro Gentlease Infant Formula - Brain Building Nutrition, Clinically Proven to reduce fussiness, gas, crying in 24 hours - Ready to Use Liquid 32 fl oz Bottles (6 Count)",,No,230,
B0781YXH8S,"Gerber Soothe Baby Probiotic Drops with 100% Daily Vitamin D for Newborns, Infants, Babies & Toddlers, Colic, Spit-Up & Digestive Health, Clinically Proven, 0.34 Fl Oz",,No,"2,134",4.7 out of 5 stars
B00G6E6EFO,"Happy Tot Organic Stage 4 Super Morning Organic Bananas Blueberries Yogurt & Oats + Super Chia, 4 Ounce Pouch (Pack of 8) (Packaging May Vary)",,No,"2,767",4.7 out of 5 stars
B08H9QJVNZ,"New Medela Harmony Manual Breast Pump, Single Hand Breastpump with Flex Breast Shields for More Comfort and Expressing More Milk",,No,"8,383",4.5 out of 5 stars
B07H2LDWTL,"PurAmino Junior Hypoallergenic Toddler Drink Powder for Severe Food Allergies, 14.1 ounce (Pack of 4) - Omega 3 DHA, Iron, Immune Support",,No,7,
B00P5J7WSO,Nestle Nido Kinder 1+ Toddler Formula (4.85 lbs.),,No,149,4.6 out of 5 stars
B081BMMW5F,Baby Brezza Instant Warmer - Instantly Dispenses Warm Water at Perfect Baby Bottle Temperature - Replaces Traditional Baby Bottle Warmers,$43.49,No,"2,567",4.7 out of 5 stars
B0738XWTF6,"Amazon Brand - Mama Bear Organic Baby Food, Stage 2, Apple Banana Yogurt Strawberry, 4 Ounce Pouch (Pack of 12)",,No,"2,179",4.6 out of 5 stars
B00EEIPNTW,"COCONUT MILK POWDER, 397g (14 oz)",,No,61,4.3 out of 5 stars
B07FS1MJ71,"Enfagrow Premium Toddler Next Step Milk Drink Powder, Natural Milk Flavor 36.6 oz. (pack of 3) A1",,No,2,
B01G22ZFP4,"Enfamil Enfagrow Milk Powder A+ 360 Mind Plus 4,Stage4 Vanilla flavor (58.2 Oz/1.65kg)Appropriate for over 3 years and All the family,Give your baby the nutrients fully every day",$99.50,No,2,
B00CJNLS9I,Entrust Best Nutrition Formula Vanilla Flavor 14.1 oz - Case of 6 Cans,$84.50,No,30,4.6 out of 5 stars
B00MHTGXN0,"Baby's Only Toddler Formula, Lactose Relief, Organic, 12.7-Ounce Can",,No,10,4.4 out of 5 stars
B07D7JN2NY,"Earth's Best Organic Toddler Milk Drink Powder, Natural Vanilla, 23.2 Ounce",,No,60,4.7 out of 5 stars
B003V9PXE0,"Similac infant nipples & rings, Standard Flow, Ready To Use, Case of 25",$30.99,No,713,4.5 out of 5 stars
B07H2MH43R,"PurAmino Junior Hypoallergenic Vanilla Toddler Drink Powder for Severe Food Allergies, 14.1 ounce (Pack of 4) - Omega 3 DHA, Iron, Immune Support",,No,7,
B00XCLFKAY,"Happy Tot Organics Stage 4 Superfoods Variety Pack, 4.22 Ounce Pouch (Pack of 16) Green Beans/Pear/Pea, Sweet Potato/Apple/Carrot/Cinnamon, Apple/Butternut/Spinach/Mango/Pear (Packaging May Vary)",,No,"3,738",4.7 out of 5 stars
B00B3VDURA,Cow & Gate Infant Milk for Hungrier Babies from Newborn Stage 2 6 x 900g,,No,,
B07CZL6B85,"nanobebe Breastfeeding Baby Bottles Starter Set, Anti Colic Newborn Bottle Protects Breast Milk Nutrients, Breastfed Baby Bottles Set Includes Smart Warmer (ttpm Award Winner)",,No,"2,315",4.4 out of 5 stars
B001E0XR0A,"Baby's Only Dairy Toddler Formula, 12.7 Oz (Pack of 6) | Non GMO | USDA Organic | Clean Label Project Verified",,No,270,4.5 out of 5 stars
B00DN9I4DU,Holle Bio Porridge Muesli 6m + 250g,$15.10,No,16,4.5 out of 5 stars
B01GVMXN5Y,"12.6 Ounce, Nutramigen Complete Nutrition Babies Cow's Milk Allergy Powder Can, Case of 6",$135.00,No,16,4.3 out of 5 stars
B01M1FL0I6,"Baby Brezza Safe & Smart, Electric Baby Bottle Warmer and Baby Food Warmer – Universal Fit - Glass, Plastic, Small, Large, Newborn Feeding Bottles - Wireless Bluetooth Control - Digital Display",$51.06,No,722,4.5 out of 5 stars
B01H0EPVBQ,"Plum Organics Mighty 4, Organic Toddler Food, Variety Pack, 4 Ounce (Pack of 18)",,No,"1,645",
B007VJ4J5A,"Enfagrow Premium Toddler Nutritional Drink 24 oz. Powder Can, Dual Prebiotics for Immune Support, DHA for Brain Development, Iron, Non-GMO, Natural Milk Flavor (Former Toddler Next Step) from Enfamil",,No,601,4.7 out of 5 stars
B07ZDP2B32,HADMB Formula Milk Powder Dispensers Milk Powder Box Baby Formula Dispenser with Scoop Airtight BPA Free Large Container,,No,,
B00PN7R6ES,Enfagrow Toddler Next Step Natural Milk 36.6oz,,No,1,
B077Y9N42P,Boon Tripod Formula Container - Green,$15.97,No,765,4.7 out of 5 stars
B01CMWPDS2,"Similac Infant Nipples & Rings, Standard Flow, Ready to Use, Pack of 50 (0-12 Months)",$54.99,No,188,4.6 out of 5 stars
B07CRFBVJ5,Distroller Neonate Nerlie Blue Bottle with Bonus Burp Rag - Mexico Exclusive Ksimerito,$17.95,Yes,5,4.5 out of 5 stars
B01NBL2AY9,"50 Pack BPA-Free Baby Food Freezer Storage Containers Hinged Lids (3 oz) Labels | Leak-Proof | Travel Snack Cups | Store Homemade, Organic Purees | Freezer Dishwasher Safe",$18.95,Yes,"1,433",4.4 out of 5 stars
B084GCQXT7,"Funnwear I Will Have The Usual - Powered by Milk - Funny Cute Infant Boy Girl Romper, One-Piece Baby Bodysuit",$10.99,Yes,1,
B077ZTJWVT,"Amplim Hospital Medical Grade Non Contact Clinical Infrared Forehead Thermometer for Baby and Adults, 1701, Serenity",$34.98,Yes,"5,051",4.6 out of 5 stars
B081DL8KZW,"Eccomum Breastmilk Storage Bags, 100 Count, Self Standing Bag, Easy Write-on Label, Spout & Thickened Design, Double Zipper Seal, Fits All adapters, BPA and BPS-Free",$13.58,Yes,"1,017",4.6 out of 5 stars
B07QW94F8G,"Baby Bottle Warmer, Eccomum Fast Breast Milk Warmer with a Timer, Baby Food Heater with LCD Display Accurate Temperature Control, Constant Mode, Fit All Baby Bottles",$14.59,Yes,757,4.4 out of 5 stars
B06W52WHMQ,"Happy Family Baby Organic Infant Formula Milk Based Powder with Iron, Multi Stage, 21 Ounce",$27.99,Yes,"1,061",4.6 out of 5 stars
B08FXLHLWH,"BABEYER Breast Milk Cooler Bag with Ice Pack Fits 4 Baby Bottles Up to 9 Ounce, Baby Bottle Cooler Bag Suitable for Nursing Mom Daycare, Black",$16.99,Yes,14,
B08D8CJQ3N,"JSM Baby Bottle Bag, Meiiy Insulated Breast Milk Bag Freezeable Bottle Cooler Bag with Gel Double Baby Bottle Day Care Tote Bag Travel Trolley Bag",$15.99,Yes,6,4.5 out of 5 stars
B08KXVGYR4,"Bottle Warmer, AUMIO Fast Baby Bottle Warmer and Sterilizer 6-in-1 Baby Food Heater and Defrost Warmer for Baby Milk Breastmilk Formula with LED Display and Thermostat Timer Function Two Bottles",$25.98,Yes,15,4.5 out of 5 stars
B08F26YNJF,"Baby Tooth Fairy Keepsake Box - Milk Teeth Box, PP Tooth Storage Box Organizer for Kids,Tooth Holder for Lost Teeth, Cute Tooth Container,Great Gift for Boys and Girls (Pink Tooth Box)",$19.99,Yes,9,
B07Y3ZGHJC,Hugs Milk and Kisses - Perfect Cute Infant One-Piece Baby Bodysuit,$10.95,Yes,,
B01B0WM40U,"Similac Infant Nipples & Rings, Standard Flow, Ready to Use, Pack of 25 (0 - 12 Months)",$28.09,No,579,4.5 out of 5 stars
B011SFECRW,"Magic Baby Bottles - 2 Bottles, 1 Milk and 1 Juice especially bigger sized for toddlers",$7.99,No,"1,971",4.6 out of 5 stars
B07HMBNCKJ,Doona Infant Car Seat & Latch Base – Car Seat to Stroller – Blush Pink – US Version,$499.00,No,420,
B015QDTDHQ,"Happy Tot Organic Stage 4 Baby Food Love My Veggies Spinach Apple Sweet Potato & Kiwi, 4.22 Ounce Pouch (Pack of 16) (Packaging May Vary)",,No,"2,071",
B087QW28Y4,Alfamino Junior Jr Unflavored (1 case of 6 cans),$214.97,No,3,
B00BPESJR6,"Gerber Single-Grain Oatmeal Baby Cereal, 8 Ounces (Pack of 6)",,No,"1,993",
B07RS7R4CF,"Baby Brezza Baby brezza formula pro frp0046, 1.7 Ounce",,No,42,4.6 out of 5 stars
B07B8WJPC4,"Compleat Pediatric Organic Blends Plant Based, 10.1 fl oz Pouch, 24 Count",,No,20,
B01MQD6174,Simple Joys by Carter's Baby Girls' 7-Pack Teething Bibs,$18.90,No,"3,295",
B07R6BH6BG,"Baby Monthly Milestone Blocks - 6 Blocks Safe for Baby, The Most Complete Set for Pregnancy, Infant and Toddler Years, Baby Photography Props for Social Media, Rustic Baby Nursery Decor (White)",$29.97,No,"1,216",4.7 out of 5 stars
B004K69OMU,"Meyenberg Whole Powdered Goat Milk (12 Ounce), Gluten Free, Non GMO, Vitamin D",,No,"5,817",4.6 out of 5 stars
B000PKUKFU,"Peptamen Junior Peptide-Based Complete Nutrition, Unflavored, 8.5 Oz Box (24 Pack), 8.45 Fl Oz (Pack of 24)",,No,6,
B084KKF8Q1,Little Journey Little Munchers 9+ Months Cheddar Cheese Baked Whole Grain Corn Snacks - 1.48 oz. Cans (2 Count),$21.50,No,,
B0771HW2MX,"OXO Tot Bottle Brush with Nipple Cleaner and Stand, Teal",$7.99,No,"3,597",
B07BF2SNGK,"Similac Lamehadrin Badatz-certified Vanilla Toddler Drink, Certified Kosher Milk-based Powder, 31.8 ounce (Single Can)",,No,3,4.7 out of 5 stars
B00AES46E4,"Duocal, Unflavored,  14.1 oz (Case of 6 cans )",,No,42,
B071FHK2ZH,"Enfagrow 3 Toddler Next Step Powder Milk, 36.6 oz. (pack of 6)",$221.31,No,($221.31/Count),
B00ZAK56X6,Holle Bio Semolina And Banana Porridge 6m + 250g,$18.81,No,10,4.4 out of 5 stars
B081YRMCBH,"Electric Double Breast Pump - Rechargeable Nursing Breast Feeding Pump with Massage Mode, LCD Smart Touch Screen, 4 Modes (16 Suction Levels Each) and Backflow Preventer BPA Free",$35.99,No,59,4.4 out of 5 stars
B07SWD7WDN,"Medela Pump in Style Advanced Breast Pump with Tote, Double Electric Breastpump, Portable Battery Pack, Adjustable Speed and Vacuum, International Adaptor",$159.99,No,"5,188",4.7 out of 5 stars
B00NBT2XOS,"Happy Baby Gentle Teethers Organic Teething Wafers Banana Sweet Potato, 12 Count Box (Pack of 6) Soothing Rice Cookies for Teething Babies Dissolves Easily, Gluten-Free (Packaging May Vary)",,No,805,
B01MQPRT06,"Enfagrow Toddler Next Step Milk Drink Powder, Natural Milk Flavor (36.6 oz.) (pack of 2)",,No,,
B08535N4VK,"Baby Bottle Warmer and Sterilizer【All New 2020】, CFMOUR Double Bottle 6-in-1 Breast Milk Warmer and Defrost, Fast Baby Food and Formula Heater with Temperature Control, 24 Hours Constant Mode",$27.99,No,290,
B082PPN5WK,"Baby Brezza Electric One Step Formula Mixer Pitcher - Motorized Mixing System for Infant Formula Powder - Large Capacity, Mix 28oz of Formula at Once - Portable for Travel",$27.63,No,2,
B08F54LPDF,"Heating constant temperature baby glass bottles8OZ(240ML),baby bottle mixer/formula mixing bottle/baby bottle with formula dispenser,Suitable for breast milk and infant formula",$53.23,No,6,4.7 out of 5 stars
B01MTUASRP,"Enfagrow Toddler Next Step Milk Drink Powder, Natural Milk Flavor (36.6 oz.) (pack of 6)",,No,,
B00NBT319Y,"Happy Tot Organic Stage 4 Fiber & Protein, Pears, Blueberries & Spinach, 4 Ounce (Pack of 16)",,No,578,
B0082BZ1K8,"Nutren 2.0 Calorically-Dense Complete Nutrition, Unflavored, 8.45 Fl Oz (24 Count)",,No,73,
B00KQ0U5LS,"Peter Rabbit Organics, Banana, Mango, and Kale, 4 Ounce Squeeze Pouch (Pack of 10)",,No,203,4.7 out of 5 stars
B0002Q1I3K,Neocate Junior - Unflavored - Case of 4,$109.97,No,31,
B07NKDPS33,"teetherpop Fillable, Freezable Baby Teether for Breastmilk, Purees, Water, Smoothies, Juice & More (FuchsiaPink)",$12.99,No,"4,167",4.6 out of 5 stars
B07JNGSP3P,"Zomee Double Electric Breast Pump – Milk Flow Stimulating Massage with 9 Express Modes and Speeds - Comfortable Cushion Shields, LCD Screen, Anti Backflow System – Battery or AC Adapter - by Zomee",$89.95,No,222,
B07SZL48QW,"LUCINA Baby Bottle Sterilizer, Electric Steam Sterilizer and Dryer 8-Bottles Sterilizing LED Screen Machine Breast Multipurpose Milk Bottle Warmer",$59.99,No,37,4.5 out of 5 stars
B086WWY9SQ,"Zooawa Baby Formula Dispenser 300g, Portable Travel Milk Powder Formula Container Candy Fruit Snack Storage Container with Scoop and Leveller, On-The-Go, BPA Free, Transparent - Blue",$11.99,No,259,4.4 out of 5 stars
B01CZ5CBXQ,(3 PACK) - Holle - Dem Cereal Semolina Porridge | 250g | 3 PACK BUNDLE by HOLLE,$39.90,No,12,
B077JYK52G,Abbott Ensure Plus Vanilla Powder Complete Balanced Nutritional 4 X 400g/14.1Oz,,No,7,
B00P6ZND12,"Neocate Splash, Unflavored, 237 mL (Case of 27)",,No,14,
B081DHDLNS,"green sprouts 6 Pack Stay-Dry Milk-Catcher Bibs, Pink, Aqua",$15.99,No,"1,628",4.6 out of 5 stars
B077Y4Z6BG,Holle Bio Banana Milky Porridge Good Night 6m + 250g,$16.30,No,14,4.4 out of 5 stars
B00AR5DQYA,"Earth's Best Organic Stage 2 Baby Food, Squash & Peas, 3.5 Oz Pouch (Pack of 12)",,No,124,4.7 out of 5 stars
B0002Q1C0E,Peptamen 1.5 Complete Calorically Dense Peptide-Based Drink Unflavored 8.5 Fl Oz Box 24Count,,No,22,4.5 out of 5 stars
B004IM8PDU,"Tommee Tippee Baby Milk Powder and Formula Dispensers - Travel Storage Container, BPA-Free",$6.99,No,"2,964",4.7 out of 5 stars
B0762KRKTZ,"Similac Go & Grow Milk-Based Toddler Drink, Powder, 40 oz. x2 AS",$85.66,No,($1.07/Ounce),
B01BWXY7IO,"Nepro w/ Carb Steady Nutritional Vanilla Drink 237mL, Ready-to-Drink - 24 ct.",,No,59,4.6 out of 5 stars
B07XTQWN2C,Puppy Kitten Milk Replacement Powder Formula Supplement 4oz Nursing Bottle Kit,$42.89,No,,
B075HPT9YD,Holle Eco Bio Variety 1 of each flavour (total 4) 250g each,$63.90,No,($1.83/Ounce),
B0753ZB66L,EleCare Jr Toddler Formula - Chocolate - Powder - 14.1 oz,,No,33,4.4 out of 5 stars
B01MYTVYM0,"Nosh Baby Munchable Teethers Strawberry and Beet, 1.9 Ounce",$11.99,No,6,
B0774V212R,AW Fashions Me + Mommy = One Broke Daddy Cute Novelty Funny Infant One-Piece Baby Bodysuit,$11.88,Yes,182,4.6 out of 5 stars
B07Z93Q9H1,Hffheer 5pcs Little Cow Calf Milk Drink Nipple Soft Rubber Goat Milk Bottle Feeding Teat Mouth Rubber Calf Feeding Bottle Nipple Lamb Teats Nursing Bottle Nipples(6.9cm Length),$12.76,Yes,,
B073Y184BR,Tieback Flower Crown Elastic Flower Headband Baby Girl Toddler Floral Crown Wreath Newborn Hair Accessories,$8.99,Yes,163,4.4 out of 5 stars
B01N20XFNW,"Besthouse Snack Jars 3-Piece Twist Lock Stackable Containers Travel, Formula Travel Container for Storing Milk, Protein Powder, Snacks, Travel Items, BPA Free(Blue, 28oz)",$10.99,Yes,93,4.7 out of 5 stars
B07Y3XBD1J,Hugs Milk and Kisses - Perfect Cute Infant One-Piece Baby Bodysuit,$10.95,Yes,,
B0841V6H6W,Toyvian Cute Elephant Pattern Baby Milk Powder Box 3 Layers Milk Packaging Container Food Supplement Case (Green),$9.86,Yes,10,
B084GD329L,"Funnwear I Will Have The Usual - Powered by Milk - Funny Cute Infant Boy Girl Romper, One-Piece Baby Bodysuit",$10.99,Yes,1,
B08FXJZZ98,"BABEYER Breast Milk Cooler Bag with Ice Pack Fits 4 Large Baby Bottles Up to 5 Ounce, Baby Bottle Cooler Bag Great for Nursing Mom Daycare, Grey",$15.99,Yes,14,
B0851QC2D7,"Baby Formula Dispenser, Portable Milk Powder Dispenser Snack Storage Container for Travel Bedroom Outdoor … (Pink)",,Yes,276,4.5 out of 5 stars
B08HHV8747,"Haakaa Breast Milk Collector - Food Grade Silicone Milk Savers Breast Shell for Nursing Moms Collecting Natural Express Breast Milk, Wearable Milk Catchers with 2 Cleaning Wipes (2oz,2pc)",$33.48,Yes,"
    Save 10%
",
B07MN12N9Y,Haakaa Manual Breast Pump with Milk Bottle Storage Milk Bottle for Breastfeeding 100% Food Grade Silicone BPA PVC and Phthalate Free (4oz/100ml Pump + 160ml Milk Bottle +160ml Storage Milk Bottle),$33.99,Yes,63,4.3 out of 5 stars
B07G46YXQ2,Haakaa Manual Breast Pump Milk Saver 3oz/90ml+Lid,$17.84,Yes,"3,481",4.6 out of 5 stars
B01FLIXX36,"Enfagrow 3 Toddler Next Step Powder Milk, 36.6 oz.",$41.80,No,($41.80/Count),
B000PKY0NS,"Peptamen Unflavored 8.45 Fl Oz, 24 Count",,No,11,4.5 out of 5 stars
B00HZ2FH9A,Ensure Plus Ready To Use (Vanilla) 24/8-Fl-Oz Bottles - 1 Case Of 24,,No,132,4.6 out of 5 stars
B019MT6K0I,"Enfamil PREMIUM Non-GMO Gentlease Infant Formula, Ready to Use, 32 Fluid Ounce Bottle",,No,25,
B01ALOFSI8,"Happy Baby Gentle Teethers Organic Teething Wafers, Banana & Sweet Potato 12 ea (Pack of 1)",,No,293,4.5 out of 5 stars
B01AS7Q2HY,Cow & Gate Growing Up Milk 1-2 Yrs 900g by Cow & Gate,,No,,
B01KINU7V0,"Gerber 2nd Foods Sweet Potato, Apple & Pumpkin Pureed Baby Food, 4 Ounce Tubs, 2 Count (Pack of 8)",,No,175,
B00BCOMYEI,"Compleat Pediatric Nutritionally Complete Tube Feeding, Unflavored, 8.45 FL OZ",,No,29,4.4 out of 5 stars
B016SCDZSW,"Peptamen Junior with Prebio Peptide-Based Complete Nutrition, Chocolate, 8.5 Ounce Box (24 Pack)",,No,1,
B072BJ69S4,Abbott Ensure Diabetes Care Vanilla Delight Flavor - 400 gm (Previously known as Glucerna SR),$21.45,No,"2,209",4.4 out of 5 stars
B01G23BHT6,"Enfamil Enfagrow Instant Milk Powder A+ 360 Mind Plus 4,Stage4 Vanilla Flavor (19.4 Oz/550g)Appropriate for over 3 years and All the family,Give your baby the nutrients fully every day",$63.20,No,More Buying Choices,
B00I4SYT48,Nestlé Cerelac Infant Cereal Stage-1 (6 Months-24 Months) Wheat 300g,,No,389,4.5 out of 5 stars
B074DRBT7B,Unimom Manual Breast Pump with Soft Silicone Massaging Breast Shield – Ergonomic Rubber Handle - Includes Bottle and Stand - BPA Free – by Unimom,$15.99,No,603,
B004N5E7GQ,"Earth's Best Organic Stage 3 Baby Food, Pear Carrot Apricot, 4.2 Oz (Pack of 12) (Packaging May Vary)",,No,81,4.7 out of 5 stars
B000AS1LHI,"PediaSure Grow & Gain Kids Nutritional Shake, with Protein, DHA, and Vitamins & Minerals, Strawberry, 8 fl oz, 24 Count",,No,914,
B0029JZJNS,Nestle Toll House Morsels Milk Chocolate - 12 Pack,$69.87,No,($5.82/Count),
B00I4SYXIK,Nestlé Cerelac Infant Cereal Stage-1 (6 Months-24 Months) Wheat Apple 300g,,No,"1,379",4.4 out of 5 stars
B01LZ6CLZ0,"WeeSprout Silicone Baby Food Freezer Tray with Clip-on Lid by WeeSprout - Perfect Storage Container for Homemade Baby Food, Vegetable & Fruit Purees and Breast Milk - BPA Free",$15.47,No,"2,792",
B01FYC6Z8E,Abbott Nepro HP Powder Vanilla - Carb Steady Nutrition High Energy Feed - Vanilla (400 gms) For Renal Impairment & Dialysis Patients,,No,89,4.5 out of 5 stars
B00I4SYZU6,Nestlé Cerelac Infant Cereal Stage-2 (8 Months-24 Months) Wheat Apple Cherry 300g,,No,920,4.5 out of 5 stars
B00AR5DOJM,"Earth's Best Organic Stage 2 Baby Food, Pumpkin & Spinach, 3.5 Oz Pouch (Pack of 12)",,No,165,4.3 out of 5 stars
B01AYF1XD8,Happy Tot Organic Superfoods Fiber & Protein Stage 4 Baby Food Assortment Variety Packs 4 Flavors (Pack of 12),,No,176,4.5 out of 5 stars
B00RQ9SILQ,Aptamil Gold+ 4 Junior Nutritional Supplement From 2 Years 900g,,No,1,
B07L6J472S,Holle Bio Corn And Tapioca Porridge 4m + 250g,$16.10,No,9,4.6 out of 5 stars
B005H2OFG6,Pediasure Peptide 1.0 Vanilla Bottles 24 X 8oz Case,$87.00,No,45,
B01LXENA5D,PediaSure Strawberry Shake - 8 oz. bottles - 24 pk.,,No,34,
B00NZF73V6,Nestle Nido Kinder 1+ Toddler Formula (4.85 lbs.) (pack of 2),$63.93,No,($63.93/Count),
B00DB2F73Y,Pediasure Strawberry Shake 24-pack;8 Oz.Each,,No,2,4.5 out of 5 stars
B01LM69N8U,PediaSure Vanilla Shake - 8 oz. bottles - 24 pk.,,No,32,4.5 out of 5 stars
B00KVEOBVE,Enfagrow A+ Nutritional Milk Powder 400 gm | Vanilla - Pack of 2,,No,946,4.4 out of 5 stars
B015MOUD0U,Pediasure With Fiber Nutrition Drink Bottles - Vanilla - 8 oz - 24 pk,,No,7,4.7 out of 5 stars
B00DRE1M2Q,PediaSure Vanilla Delight 1Kg/35.2Oz - Case - for Kids 2 years to 10 years,$36.39,No,482,4.6 out of 5 stars
B01G2JO832,PediaSure Premium Chocolate 1Kg/35.2Oz - Case - for Kids 2 years to 10 years,$36.99,No,66,4.4 out of 5 stars
B00886PPFS,"Plum Organics Mashups, Organic Kids Applesauce, Blueberry & Carrot, 3.17 Ounce Pouch, 4 Count (Pack of 6)",,No,635,
B00TIK8WO4,"Nestle a+ Nourish Plus Toned Milk,1L",,No,435,4.3 out of 5 stars
B00I52S85Y,"Gerber Organic Puffs Cereal Snack, Apple 1.48 Ounce",,No,192,4.7 out of 5 stars
B00G5GFHH4,PediaSure Vanilla 900g.,$33.19,No,28,
B073X2XDJ5,PediaSure Nutritional Drink Powder - Vanilla Delight Flavour,$19.72,No,48,
B00I4SYVV4,Nestle Cerelac Rice 300g,,No,607,4.4 out of 5 stars
B072PSR7Z9,"Enfagrow 3 Toddler Next Step Powder Milk, 36.6 oz. (pack of 2)",$78.64,No,($78.64/Count),
B006YB85HE,Nestle Yorkie Raisin and Biscuit 53g - Pack of 6,$13.87,No,2,
B072BY7D4H,Abbott Pediasure Refill Pack - 1 kg (Chocolate),$31.94,No,"2,752",4.5 out of 5 stars
B006QQSDNI,Pediasure Vanilla Delight 200g/7.05oz - Plastic Jar - For Kids 2 Years to 10 Years,$13.07,No,232,
B07HBCJ793,"Baby Bastille Goat's Milk & Chamomile (Chamomile, 5 Bars)",,No,,
B01KTMD8C0,"Gerber Graduates Cheese Ravioli in Tomato Sauce with Mixed Vegetables, 6.6 Ounce",,No,217,4.4 out of 5 stars
B08483XD7J,Caprea 3 Growth Organic Goat Milk Powder From 10 Months To 3 Years 800g Babybio,$176.22,No,22,
B07VZWWMNY,Kiwi Mango Compote Organic Coconut Milk From 6 Months 4x90g Babybio,$29.89,No,33,4.7 out of 5 stars
B00IFWDXYK,PediasureAbott Vanilla Delight - 400 g (Refill pack),$20.79,No,"1,252",4.5 out of 5 stars
B07QL3GVSV,Handsome Like My Papa - My Daddy is The Best Dad Ever - Cute One-Piece Infant Baby Bodysuit,$11.88,Yes,8,
B07X3113DK,"Luxja Breast Pump Bag with Pockets for Laptop and Cooler Bag, Leather Handle Breast Pump Tote for Working Mothers (Fits Most Major Breast Pump), Black",$35.99,Yes,122,4.6 out of 5 stars
B07X7ZVRC5,"Luxja Breast Pump Tote with Pockets for Cooler Bag and Laptop, Leather Handles Breast Pump Bag for Working Mothers (Compatible with Most Major Breast Pump), Black",$36.99,Yes,151,4.6 out of 5 stars
B0774SK5WZ,AW Fashions Me + Mommy = One Broke Daddy Cute Novelty Funny Infant One-Piece Baby Bodysuit,$11.88,Yes,182,4.6 out of 5 stars
B07Y3T9DQV,Hugs Milk and Kisses - Perfect Cute Infant One-Piece Baby Bodysuit,$10.95,Yes,,
B084GCK1DT,"Funnwear I Will Have The Usual - Powered by Milk - Funny Cute Infant Boy Girl Romper, One-Piece Baby Bodysuit",$10.99,Yes,1,
B01N5XLPDF,Drinking Companion Milk Funny Parody Infant Baby Bib,$13.99,Yes,,
B07NWHFYQG,CBTwear Powered by Milk - I'm Just Here for The Milk - Cute Infant One-Piece Baby Bodysuit,$11.85,Yes,,
B01MUV8AJ8,Drink 'Til You Pass Out Bottle Milk Funny Parody Infant Baby Bib,$13.99,Yes,,
B01MYGHRPK,Will Work For Milk Funny Parody Infant Baby Bib,$13.99,Yes,,
B01N7VCCIZ,Milk Drinking Buddies Twin Set Unisex Newborn Baby Soft 100% Cotton Bibs,$14.99,Yes,235,
B07STXT979,Onesie Organic Baby One Piece Short Sleeve Funny Trendy Minimal Bodysuit 0-12 Months - Get Milk Or Cry Tryin (3-6 Months) White,$15.99,Yes,,
B0848453L4,Optima 1 Organic Powdered Milk From 0 To 6 Months 800g Babybio,$136.75,No,12,
B08483VXRT,Primea 2 Organic Powdered Milk From 6 Months 800g Babybio,$118.02,No,8,
B001E13QSM,Herb Pharm Mothers Lactation 1 Fz,$54.56,No,,
B001E0Z9VA,Herb Pharm Mothers Lactation 1 Fz,$37.20,No,($12.40/Fl Oz),
B017E224NW,Pacific Natural Foods Hemp Non-Dairy Beverage Original - 32 fl oz,,No,,
